time,wx,wy,wz
0.00537109375,-0.63,-0.51,0.12
0.02226114273071289,-0.46,-0.08,0.08
0.024944067001342773,-0.24,0.31,0.05
0.034539222717285156,-0.01,0.56,0.02
0.045150041580200195,0.2,0.67,0.01
0.054537057876586914,0.32,0.56,-0.01
0.06495404243469238,0.41,0.4,-0.0
0.07473111152648926,0.44,0.2,0.01
0.08439111709594727,0.41,-0.02,0.03
0.09767413139343262,0.34,-0.21,0.04
0.10457205772399902,0.23,-0.34,0.05
0.12138605117797852,0.11,-0.39,0.05
0.12459325790405273,0.01,-0.39,0.04
0.13427495956420898,-0.08,-0.33,0.03
0.14443206787109375,-0.15,-0.24,0.02
0.15441322326660156,-0.19,-0.13,0.02
0.16439509391784668,-0.19,-0.01,0.01
0.17439508438110352,-0.16,0.09,0.02
0.1860032081604004,-0.12,0.17,0.02
0.19436120986938477,-0.06,0.18,0.03
0.2071681022644043,-0.01,0.15,0.03
0.22355413436889648,0.07,-0.05,0.03
0.22572898864746094,0.07,-0.05,0.03
0.23401212692260742,0.09,-0.17,0.03
0.24431800842285156,0.1,-0.25,0.03
0.25445008277893066,0.08,-0.3,0.04
0.26411008834838867,0.05,-0.3,0.04
0.27423715591430664,0.02,-0.25,0.06
0.28415393829345703,-0.01,-0.18,0.06
0.2965211868286133,-0.03,-0.11,0.06
0.30788207054138184,-0.05,-0.05,0.05
0.3141169548034668,-0.06,-0.01,0.04
0.32801103591918945,-0.06,0.01,0.02
0.33393406867980957,-0.05,0.03,0.01
0.3441610336303711,-0.03,0.01,-0.0
0.3537330627441406,0.0,-0.02,-0.01
0.36399221420288086,0.04,-0.07,-0.01
0.37404823303222656,0.09,-0.12,-0.0
0.38365697860717773,0.12,-0.13,0.01
0.3963301181793213,0.13,-0.1,0.04
0.40741491317749023,0.12,-0.05,0.06
0.42325925827026367,0.05,0.05,0.07
0.4257941246032715,0.05,0.05,0.07
0.433380126953125,-0.0,0.09,0.07
0.44365501403808594,-0.06,0.11,0.06
0.4533839225769043,-0.11,0.11,0.05
0.46351194381713867,-0.14,0.11,0.04
0.4735722541809082,-0.15,0.1,0.04
0.4851222038269043,-0.15,0.07,0.03
0.493488073348999,-0.12,0.02,0.02
0.5039770603179932,-0.08,-0.03,0.02
0.5203499794006348,-0.01,-0.06,0.0
0.5232560634613037,0.07,-0.07,0.0
0.5333690643310547,0.14,-0.05,0.01
0.5437450408935547,0.2,-0.01,0.02
0.5531630516052246,0.23,0.03,0.04
0.5630090236663818,0.23,0.06,0.06
0.573491096496582,0.18,0.07,0.06
0.5853252410888672,0.1,0.06,0.06
0.5962362289428711,0.0,0.04,0.04
0.6039519309997559,-0.08,0.0,0.03
0.6202340126037598,-0.15,-0.02,0.01
0.6230711936950684,-0.16,-0.03,0.0
0.6330962181091309,-0.15,-0.02,-0.0
0.6434180736541748,-0.11,0.01,0.01
0.6528539657592773,-0.06,0.04,0.02
0.6629271507263184,0.0,0.07,0.03
0.6742360591888428,0.05,0.08,0.04
0.6828911304473877,0.09,0.06,0.05
0.6957039833068848,0.11,0.03,0.06
0.7069249153137207,0.1,-0.02,0.05
0.723689079284668,0.04,-0.07,0.06
0.726128101348877,0.04,-0.07,0.06
0.7326400279998779,-0.01,-0.07,0.06
0.7429981231689453,-0.04,-0.05,0.06
0.7526259422302246,-0.06,-0.02,0.05
0.7627911567687988,-0.08,0.01,0.04
0.7725801467895508,-0.09,0.03,0.04
0.7846760749816895,-0.09,0.02,0.05
0.7940559387207031,-0.08,-0.02,0.07
0.8027360439300537,-0.07,-0.08,0.09
0.8199172019958496,-0.05,-0.13,0.1
0.8226461410522461,-0.03,-0.16,0.11
0.8324830532073975,-0.02,-0.16,0.1
0.842717170715332,-0.01,-0.14,0.09
0.852121114730835,-0.01,-0.09,0.08
0.8624801635742188,-0.01,-0.02,0.06
0.8721952438354492,-0.01,0.05,0.05
0.8827972412109375,-0.01,0.12,0.03
0.894340991973877,-0.01,0.16,0.01
0.9026021957397461,0.0,0.17,0.01
0.9191861152648926,0.02,0.12,0.0
0.9222822189331055,0.02,0.06,0.01
0.9322540760040283,0.03,-0.03,0.02
0.942223072052002,0.03,-0.1,0.03
0.952174186706543,0.03,-0.14,0.05
0.9624121189117432,0.02,-0.12,0.07
0.9727282524108887,0.01,-0.06,0.09
0.9860329627990723,-0.01,0.02,0.08
0.9940090179443359,-0.03,0.09,0.07
1.002573013305664,-0.05,0.12,0.06
1.0197582244873047,-0.08,0.12,0.04
1.0223031044006348,-0.09,0.11,0.03
1.0322151184082031,-0.08,0.07,0.03
1.043121099472046,-0.06,0.02,0.03
1.0519070625305176,-0.03,-0.04,0.04
1.0619392395019531,-0.01,-0.09,0.06
1.071835994720459,0.02,-0.12,0.07
1.0837430953979492,0.02,-0.13,0.08
1.091994047164917,0.02,-0.12,0.1
1.1052360534667969,0.01,-0.07,0.1
1.122663974761963,0.01,0.03,0.09
1.1258440017700195,0.01,0.03,0.09
1.1320199966430664,0.02,0.04,0.08
1.1428351402282715,0.04,0.03,0.06
1.1519930362701416,0.06,0.02,0.03
1.1616902351379395,0.08,0.02,-0.0
1.1715071201324463,0.11,0.02,-0.03
1.1832430362701416,0.13,0.01,-0.05
1.1914730072021484,0.13,-0.03,-0.06
1.2021169662475586,0.13,-0.06,-0.05
1.2193121910095215,0.11,-0.08,-0.03
1.2219271659851074,0.07,-0.07,-0.01
1.2317540645599365,0.02,-0.05,0.02
1.2416040897369385,-0.03,-0.03,0.04
1.2516679763793945,-0.06,0.0,0.03
1.2626590728759766,-0.07,0.03,0.01
1.2717390060424805,-0.06,0.06,-0.01
1.2843241691589355,-0.03,0.09,-0.02
1.2914209365844727,0.02,0.11,-0.03
1.3035991191864014,0.06,0.1,-0.02
1.3217730522155762,0.13,0.02,0.02
1.3239431381225586,0.13,0.02,0.02
1.331362247467041,0.14,-0.04,0.04
1.341156005859375,0.13,-0.1,0.05
1.3513031005859375,0.11,-0.14,0.05
1.3610329627990723,0.07,-0.14,0.04
1.3709092140197754,0.04,-0.11,0.01
1.3828749656677246,0.0,-0.06,-0.01
1.3935141563415527,-0.03,0.0,-0.03
1.4011640548706055,-0.05,0.05,-0.04
1.4217250347137451,-0.05,0.09,-0.02
1.4232659339904785,-0.05,0.09,-0.02
1.4311542510986328,-0.04,0.08,-0.01
1.4413371086120605,-0.02,0.06,0.0
1.4509539604187012,0.0,0.03,0.0
1.461069107055664,0.02,-0.0,-0.01
1.4706940650939941,0.04,-0.05,-0.03
1.4844989776611328,0.05,-0.09,-0.05
1.4907941818237305,0.07,-0.11,-0.05
1.50309419631958,0.1,-0.09,-0.04
1.5128090381622314,0.11,-0.07,-0.02
1.5305829048156738,0.12,0.02,0.01
1.5328450202941895,0.12,0.02,0.01
1.5410232543945312,0.11,0.06,0.02
1.5508980751037598,0.09,0.08,0.01
1.5605881214141846,0.07,0.08,-0.01
1.5702080726623535,0.07,0.08,-0.03
1.5805859565734863,0.07,0.07,-0.05
1.593156099319458,0.08,0.07,-0.07
1.6006789207458496,0.07,0.05,-0.08
1.617798089981079,0.07,0.02,-0.09
1.6204051971435547,0.06,-0.0,-0.07
1.6305820941925049,0.05,0.01,-0.05
1.6404881477355957,0.05,0.04,-0.03
1.6506381034851074,0.06,0.07,-0.02
1.6602811813354492,0.06,0.1,-0.02
1.6701281070709229,0.07,0.12,-0.03
1.6804242134094238,0.06,0.11,-0.03
1.69242525100708,0.04,0.11,-0.03
1.7008960247039795,0.02,0.12,-0.01
1.7188501358032227,0.0,0.14,0.02
1.7216649055480957,-0.03,0.16,0.05
1.7304151058197021,-0.06,0.16,0.08
1.7399511337280273,-0.11,0.15,0.11
1.7502551078796387,-0.15,0.12,0.12
1.7600059509277344,-0.17,0.08,0.11
1.7702569961547852,-0.17,0.04,0.08
1.782534122467041,-0.13,0.02,0.04
1.7906379699707031,-0.07,0.04,0.01
1.8027219772338867,0.02,0.1,-0.02
1.820570945739746,0.16,0.19,-0.03
1.8232440948486328,0.16,0.19,-0.03
1.8300209045410156,0.19,0.19,-0.02
1.8400890827178955,0.2,0.18,-0.0
1.8500361442565918,0.19,0.18,0.01
1.859896183013916,0.17,0.22,0.02
1.8696610927581787,0.13,0.29,0.01
1.882568120956421,0.09,0.32,-0.0
1.8927812576293945,0.03,0.27,-0.03
1.9003710746765137,-0.01,0.22,-0.05
1.9182500839233398,-0.04,0.2,-0.07
1.9210381507873535,-0.06,0.23,-0.07
1.9298920631408691,-0.07,0.31,-0.07
1.9396851062774658,-0.1,0.38,-0.05
1.9498271942138672,-0.12,0.38,-0.02
1.9607651233673096,-0.14,0.35,0.01
1.969292163848877,-0.14,0.28,0.04
1.9833390712738037,-0.13,0.21,0.05
1.9904711246490479,-0.1,0.16,0.05
2.001655101776123,-0.03,0.14,0.05
2.0185399055480957,0.15,0.14,0.03
2.020836114883423,0.15,0.14,0.03
2.029360055923462,0.23,0.15,0.03
2.0392870903015137,0.28,0.14,0.04
2.0491909980773926,0.28,0.12,0.05
2.059108257293701,0.26,0.12,0.05
2.069380044937134,0.2,0.15,0.04
2.079900026321411,0.13,0.19,0.02
2.0924911499023438,0.04,0.22,0.01
2.099860191345215,-0.05,0.23,-0.0
2.1177749633789062,-0.12,0.22,-0.01
2.120587110519409,-0.16,0.19,-0.01
2.129241943359375,-0.18,0.16,-0.0
2.1390719413757324,-0.17,0.14,0.01
2.1490750312805176,-0.14,0.12,0.02
2.1589980125427246,-0.1,0.09,0.03
2.1688899993896484,-0.05,0.03,0.04
2.1795620918273926,-0.0,-0.02,0.04
2.1918530464172363,0.05,-0.04,0.05
2.1991710662841797,0.1,-0.01,0.05
2.216331958770752,0.13,0.05,0.04
2.219301223754883,0.15,0.11,0.04
2.2288131713867188,0.15,0.18,0.03
2.238755226135254,0.14,0.19,0.01
2.249056100845337,0.13,0.17,-0.0
2.2587509155273438,0.11,0.11,-0.01
2.268721103668213,0.1,0.06,-0.02
2.278372049331665,0.1,0.03,-0.03
2.2928109169006348,0.11,0.04,-0.05
2.298964023590088,0.12,0.04,-0.07
2.3163111209869385,0.14,0.04,-0.07
2.318671226501465,0.14,0.04,-0.07
2.3286399841308594,0.14,0.01,-0.06
2.3387110233306885,0.13,-0.03,-0.04
2.348814010620117,0.12,-0.08,-0.02
2.358438014984131,0.11,-0.09,-0.0
2.36830997467041,0.1,-0.04,0.01
2.380542039871216,0.09,0.03,0.02
2.390726089477539,0.09,0.12,-0.0
2.398282051086426,0.09,0.18,-0.03
2.4155640602111816,0.08,0.19,-0.04
2.418520927429199,0.04,0.17,-0.03
2.42838191986084,-0.01,0.13,-0.01
2.4385781288146973,-0.04,0.12,0.0
2.4485039710998535,-0.05,0.13,0.01
2.4581551551818848,-0.04,0.17,0.02
2.467905044555664,-0.04,0.21,0.02
2.479316234588623,-0.02,0.21,0.03
2.4885170459747314,0.0,0.17,0.03
2.501559257507324,0.02,0.13,0.04
2.5111401081085205,0.03,0.1,0.04
2.5260262489318848,0.03,0.09,0.05
2.5284481048583984,0.0,0.08,0.05
2.5380680561065674,-0.04,0.09,0.05
2.5479280948638916,-0.08,0.09,0.03
2.557967185974121,-0.12,0.1,0.02
2.567965030670166,-0.15,0.11,0.01
2.577989101409912,-0.17,0.11,0.01
2.587663173675537,-0.15,0.1,0.01
2.6003589630126953,-0.12,0.08,0.01
2.608236074447632,-0.08,0.07,0.0
2.6239471435546875,-0.04,0.07,0.0
2.627718925476074,-0.0,0.07,-0.0
2.63778018951416,0.02,0.05,-0.0
2.6474132537841797,0.02,0.0,-0.0
2.658082962036133,0.01,-0.04,0.0
2.6677169799804688,0.01,-0.05,0.0
2.6790499687194824,0.01,-0.02,-0.0
2.6895699501037598,0.01,0.03,-0.0
2.698184013366699,-0.01,0.06,-0.01
2.7166881561279297,-0.02,0.08,-0.01
2.7180981636047363,-0.03,0.09,-0.01
2.7275352478027344,-0.02,0.11,-0.01
2.7376301288604736,-0.01,0.12,-0.0
2.7475080490112305,0.01,0.09,0.01
2.7572789192199707,0.02,0.05,0.03
2.7672641277313232,0.05,0.01,0.04
2.7776291370391846,0.06,-0.02,0.05
2.7907819747924805,0.05,-0.05,0.05
2.797382116317749,0.03,-0.07,0.05
2.8145110607147217,-0.0,-0.07,0.04
2.8174400329589844,-0.02,-0.04,0.04
2.827285051345825,-0.04,0.01,0.02
2.8369669914245605,-0.04,0.05,0.01
2.8472211360931396,-0.05,0.07,-0.0
2.857208251953125,-0.07,0.06,-0.0
2.867311954498291,-0.08,0.04,0.0
2.8773112297058105,-0.09,0.03,0.01
2.8908071517944336,-0.08,0.01,0.01
2.897305965423584,-0.07,0.0,0.02
2.9161219596862793,-0.05,-0.0,0.02
2.9175572395324707,-0.02,0.01,0.02
2.9269580841064453,-0.0,0.02,0.01
2.937073230743408,0.01,0.02,0.0
2.9467902183532715,0.01,0.02,-0.01
2.956754207611084,0.01,0.02,-0.02
2.9666950702667236,-0.0,0.0,-0.02
2.9767160415649414,-0.0,-0.01,-0.0
2.990839958190918,-0.02,-0.03,0.02
2.9974021911621094,-0.03,-0.04,0.03
3.015799045562744,-0.04,-0.03,0.03
3.0184712409973145,-0.06,-0.02,0.03
3.0269930362701416,-0.07,-0.01,0.02
3.036729097366333,-0.06,0.01,0.02
3.0466361045837402,-0.05,0.03,0.01
3.0565991401672363,-0.03,0.04,0.01
3.066815137863159,-0.01,0.05,0.01
3.078925132751465,0.03,0.05,0.01
3.087632179260254,0.07,0.04,-0.0
3.0969810485839844,0.09,0.02,-0.0
3.1142871379852295,0.1,-0.01,-0.0
3.116992950439453,0.09,-0.05,0.0
3.1266720294952393,0.06,-0.11,0.01
3.136178970336914,0.03,-0.14,0.01
3.1464450359344482,-0.01,-0.13,0.01
3.1565141677856445,-0.04,-0.09,0.01
3.166314125061035,-0.05,-0.02,0.0
3.179659128189087,-0.06,0.05,-0.01
3.18609619140625,-0.05,0.09,-0.01
3.1987240314483643,-0.04,0.09,-0.01
3.218529224395752,-0.03,0.02,-0.0
3.220097064971924,-0.03,0.02,-0.0
3.2260000705718994,-0.03,-0.03,0.01
3.2358832359313965,-0.03,-0.07,0.02
3.246169090270996,-0.02,-0.1,0.04
3.255908966064453,-0.01,-0.1,0.05
3.266301155090332,0.02,-0.06,0.04
3.276250123977661,0.04,0.01,0.04
3.2897391319274902,0.06,0.08,0.03
3.2966480255126953,0.04,0.13,0.02
3.3159470558166504,-0.03,0.12,-0.02
3.3185172080993652,-0.03,0.12,-0.02
3.3262529373168945,-0.05,0.07,-0.02
3.3355002403259277,-0.05,0.03,-0.02
3.346100091934204,-0.03,0.03,-0.02
3.3556010723114014,-0.0,0.02,-0.02
3.367509126663208,0.03,-0.01,-0.02
3.3787450790405273,0.06,-0.06,-0.01
3.388896942138672,0.1,-0.09,0.0
3.396221160888672,0.11,-0.11,0.01
3.413949966430664,0.12,-0.11,0.03
3.4165382385253906,0.1,-0.1,0.05
3.4257071018218994,0.07,-0.07,0.06
3.4355039596557617,0.02,-0.06,0.05
3.4458420276641846,-0.05,-0.05,0.02
3.455562114715576,-0.1,-0.03,-0.01
3.4654030799865723,-0.13,-0.01,-0.04
3.4753432273864746,-0.13,0.0,-0.05
3.488853931427002,-0.1,0.01,-0.04
3.496151924133301,-0.04,0.02,-0.02
3.5151381492614746,0.06,0.07,0.05
3.517604112625122,0.06,0.07,0.05
3.5258190631866455,0.08,0.06,0.07
3.535170078277588,0.1,0.02,0.08
3.5453131198883057,0.1,-0.03,0.09
3.5553030967712402,0.08,-0.06,0.08
3.565974235534668,0.03,-0.08,0.06
3.577700138092041,-0.01,-0.05,0.03
3.587275981903076,-0.04,0.0,-0.01
3.597994089126587,-0.06,0.05,-0.04
3.606328010559082,-0.05,0.08,-0.07
3.621993064880371,-0.02,0.1,-0.08
3.6247549057006836,0.01,0.1,-0.08
3.635111093521118,0.05,0.08,-0.05
3.64542818069458,0.09,0.05,-0.01
3.6548962593078613,0.12,-0.01,0.03
3.666274070739746,0.13,-0.09,0.06
3.6747710704803467,0.13,-0.16,0.07
3.684957981109619,0.11,-0.17,0.08
3.6968579292297363,0.07,-0.14,0.07
3.706341028213501,0.0,-0.06,0.04
3.7219772338867188,-0.07,0.05,0.01
3.7251620292663574,-0.13,0.15,-0.02
3.734744071960449,-0.18,0.21,-0.04
3.7454030513763428,-0.2,0.24,-0.04
3.7545690536499023,-0.19,0.21,-0.03
3.7649240493774414,-0.13,0.17,-0.0
3.7760372161865234,-0.06,0.13,0.02
3.784511089324951,0.03,0.1,0.04
3.7953572273254395,0.12,0.08,0.04
3.8148341178894043,0.22,-0.02,0.03
3.8170762062072754,0.22,-0.02,0.03
3.825003147125244,0.24,-0.06,0.01
3.834545135498047,0.21,-0.07,-0.01
3.844615936279297,0.16,-0.04,-0.02
3.8543739318847656,0.08,0.01,-0.04
3.864924907684326,-0.01,0.06,-0.05
3.877331256866455,-0.08,0.12,-0.06
3.8849072456359863,-0.13,0.17,-0.08
3.8966851234436035,-0.14,0.18,-0.08
3.9152579307556152,-0.08,0.13,-0.06
3.917469024658203,-0.08,0.13,-0.06
3.9244699478149414,-0.02,0.09,-0.05
3.934237003326416,0.04,0.05,-0.05
3.9445199966430664,0.09,0.02,-0.05
3.9541149139404297,0.12,-0.01,-0.06
3.965291976928711,0.13,-0.04,-0.06
3.976853132247925,0.12,-0.05,-0.06
3.984055995941162,0.1,-0.05,-0.06
3.9945430755615234,0.07,-0.04,-0.06
4.012234210968018,0.02,-0.02,-0.05
4.015255928039551,-0.03,-0.01,-0.04
4.018763065338135,-0.06,-0.0,-0.03
4.029040098190308,-0.09,-0.01,-0.03
4.038774013519287,-0.11,-0.03,-0.03
4.048772096633911,-0.12,-0.04,-0.02
4.058901071548462,-0.11,-0.05,-0.01
4.068485260009766,-0.11,-0.02,-0.0
4.081484079360962,-0.11,0.01,0.01
4.088853120803833,-0.09,0.04,0.02
4.105643033981323,-0.05,0.06,0.02
4.108689069747925,-0.02,0.08,0.03
4.118720054626465,0.01,0.1,0.03
4.128600120544434,0.03,0.13,0.03
4.138629913330078,0.03,0.14,0.02
4.148818016052246,0.01,0.08,0.01
4.158473014831543,0.0,0.0,0.0
4.170444011688232,0.0,-0.05,-0.0
4.178552150726318,0.01,-0.07,-0.01
4.189053058624268,0.04,-0.05,0.0
4.207759141921997,0.08,0.1,0.04
4.210165977478027,0.08,0.1,0.04
4.218263149261475,0.09,0.14,0.04
4.228189945220947,0.09,0.13,0.03
4.238437175750732,0.08,0.09,0.02
4.2482829093933105,0.05,0.04,0.0
4.258522033691406,0.01,-0.0,-0.01
4.268800258636475,-0.02,-0.02,-0.02
4.281022071838379,-0.03,-0.03,-0.02
4.291842937469482,-0.02,-0.02,-0.01
4.310616970062256,0.01,0.0,0.02
4.313179016113281,0.01,0.0,0.02
4.31795597076416,0.01,0.01,0.04
4.32809591293335,-0.0,0.02,0.04
4.3383190631866455,-0.03,0.01,0.04
4.349292039871216,-0.07,-0.01,0.02
4.358058929443359,-0.08,-0.03,-0.0
4.367893218994141,-0.07,-0.03,-0.02
4.378386974334717,-0.05,-0.01,-0.03
4.390249252319336,-0.01,0.04,-0.03
4.411046028137207,0.04,0.08,-0.02
4.413590908050537,0.04,0.08,-0.02
4.418332099914551,0.04,0.02,-0.01
4.427893161773682,0.05,-0.06,0.01
4.437428951263428,0.05,-0.12,0.04
4.448022127151489,0.06,-0.16,0.06
4.457852125167847,0.04,-0.16,0.08
4.467605113983154,0.02,-0.08,0.08
4.4796531200408936,-0.01,0.1,0.07
4.491368055343628,-0.05,0.22,0.04
4.509840965270996,-0.09,0.18,-0.06
4.512506008148193,-0.09,0.18,-0.06
4.5175840854644775,-0.06,0.15,-0.09
4.527766227722168,-0.01,0.11,-0.08
4.538198947906494,0.04,0.07,-0.05
4.547481060028076,0.09,0.03,0.01
4.557721138000488,0.13,-0.03,0.07
4.567346096038818,0.14,-0.1,0.12
4.5779619216918945,0.12,-0.17,0.14
4.591393947601318,0.1,-0.18,0.14
4.611128091812134,0.03,-0.0,0.09
4.613769054412842,0.03,-0.0,0.09
4.618889093399048,-0.02,0.12,0.07
4.62906813621521,-0.1,0.19,0.05
4.638625144958496,-0.15,0.16,0.04
4.648668050765991,-0.18,0.09,0.03
4.658424139022827,-0.18,0.04,0.01
4.668399095535278,-0.15,0.01,-0.0
4.679196119308472,-0.09,0.03,-0.01
4.692080974578857,-0.05,0.08,-0.02
4.71067214012146,-0.0,0.09,0.0
4.713237047195435,-0.0,0.09,0.0
4.718429088592529,0.01,0.04,0.01
4.728630065917969,0.02,0.01,0.02
4.738470077514648,0.04,0.02,0.02
4.748432159423828,0.06,0.05,0.03
4.7586541175842285,0.08,0.1,0.03
4.768898963928223,0.08,0.12,0.03
4.778511047363281,0.06,0.07,0.03
4.792023181915283,0.03,-0.01,0.02
4.810348033905029,-0.04,-0.12,-0.01
4.812085151672363,-0.04,-0.12,-0.01
4.81813907623291,-0.06,-0.1,-0.01
4.827980041503906,-0.06,-0.01,-0.01
4.83807110786438,-0.04,0.08,-0.02
4.848649024963379,-0.01,0.14,-0.04
4.858105182647705,0.03,0.14,-0.06
4.868697166442871,0.06,0.08,-0.07
4.880491256713867,0.07,0.01,-0.07
4.888719081878662,0.06,-0.03,-0.06
4.907238960266113,0.03,0.0,-0.01
4.909826040267944,0.03,0.0,-0.01
4.918421030044556,0.01,0.04,0.01
4.927914142608643,-0.02,0.04,0.01
4.9376420974731445,-0.03,0.02,0.01
4.947995185852051,-0.04,0.0,-0.0
4.957726001739502,-0.03,0.0,-0.01
4.967503070831299,-0.03,0.04,-0.02
4.980320930480957,-0.02,0.1,-0.02
4.988371133804321,-0.03,0.14,-0.02
5.009426116943359,-0.06,0.04,-0.04
5.010969161987305,-0.06,0.04,-0.04
5.017391204833984,-0.06,-0.02,-0.05
5.027894973754883,-0.05,-0.06,-0.04
5.037519931793213,-0.02,-0.05,-0.02
5.047637939453125,0.01,-0.03,0.01
5.057525157928467,0.05,0.02,0.04
5.0675950050354,0.08,0.07,0.05
5.0793352127075195,0.08,0.1,0.04
5.087677001953125,0.05,0.09,0.03
5.105018138885498,0.01,0.04,-0.0
5.108042240142822,-0.04,0.0,-0.02
5.117398023605347,-0.08,-0.03,-0.04
5.127470016479492,-0.1,-0.01,-0.03
5.137458086013794,-0.08,0.04,-0.01
5.147314071655273,-0.04,0.1,0.02
5.15758204460144,-0.01,0.09,0.04
5.1673150062561035,0.01,0.03,0.05
5.178925037384033,0.04,-0.03,0.04
5.190925121307373,0.06,-0.09,0.03
5.209613084793091,0.08,-0.1,0.01
5.212486028671265,0.08,-0.1,0.01
5.217229127883911,0.09,-0.03,0.0
5.2274861335754395,0.1,0.07,-0.0
5.237090110778809,0.08,0.13,-0.01
5.247061252593994,0.06,0.13,-0.02
5.257117033004761,0.03,0.1,-0.03
5.268048048019409,-0.0,0.07,-0.03
5.277201175689697,-0.03,0.03,-0.03
5.290847063064575,-0.04,0.02,-0.01
5.308625221252441,-0.01,0.06,0.0
5.310679912567139,-0.01,0.06,0.0
5.3167500495910645,0.0,0.04,0.0
5.327236175537109,0.03,0.0,0.0
5.336936950683594,0.06,-0.0,-0.0
5.347027063369751,0.09,-0.0,0.0
5.357181072235107,0.11,0.02,0.01
5.366743087768555,0.11,0.04,0.02
5.376611232757568,0.09,0.08,0.02
5.390919208526611,0.06,0.09,-0.0
5.408803939819336,-0.04,0.02,-0.05
5.410542011260986,-0.04,0.02,-0.05
5.416609048843384,-0.07,0.01,-0.08
5.426851034164429,-0.08,0.04,-0.07
5.436498165130615,-0.07,0.08,-0.05
5.446726083755493,-0.05,0.14,-0.01
5.4564032554626465,-0.02,0.17,0.03
5.466362953186035,-0.0,0.17,0.04
5.478070259094238,0.01,0.14,0.04
5.490478992462158,0.03,0.09,0.04
5.5088560581207275,0.03,0.0,0.02
5.510622024536133,0.03,0.0,0.02
5.516097068786621,0.03,-0.02,0.02
5.525973081588745,0.03,-0.02,0.02
5.536163091659546,0.03,0.01,0.02
5.546050071716309,0.03,0.03,0.01
5.555950164794922,0.03,0.06,-0.0
5.568722248077393,0.03,0.11,-0.01
5.578447103500366,0.02,0.15,-0.02
5.586315155029297,-0.01,0.17,-0.02
5.607638120651245,-0.07,0.14,-0.04
5.6093480587005615,-0.07,0.14,-0.04
5.616018056869507,-0.08,0.12,-0.04
5.626388072967529,-0.07,0.11,-0.04
5.636115074157715,-0.05,0.09,-0.02
5.646005153656006,-0.03,0.08,0.0
5.655985116958618,-0.01,0.05,0.01
5.667970180511475,-0.01,0.0,0.01
5.677457094192505,-0.02,-0.03,-0.0
5.686435222625732,-0.04,-0.04,-0.01
5.705479145050049,-0.07,0.03,-0.01
5.708133220672607,-0.07,0.03,-0.01
5.715898036956787,-0.04,0.07,0.0
5.726016044616699,-0.01,0.09,0.01
5.7358479499816895,0.01,0.11,0.02
5.745674133300781,0.01,0.11,0.01
5.7555952072143555,-0.0,0.08,-0.01
5.76651406288147,-0.04,0.04,-0.02
5.777202129364014,-0.07,0.0,-0.03
5.786281108856201,-0.09,-0.02,-0.02
5.8059611320495605,-0.1,-0.02,0.01
5.808667182922363,-0.1,-0.02,0.01
5.815727233886719,-0.09,-0.02,0.03
5.827216148376465,-0.08,-0.01,0.03
5.835320949554443,-0.05,0.01,0.03
5.845393180847168,-0.01,0.03,0.02
5.855432987213135,0.03,0.05,0.01
5.865495204925537,0.07,0.06,-0.0
5.877763032913208,0.09,0.07,-0.01
5.886606216430664,0.09,0.07,-0.02
5.907869100570679,0.04,0.04,-0.03
5.909666061401367,0.04,0.04,-0.03
5.9153032302856445,0.0,0.01,-0.04
5.925320148468018,-0.04,-0.02,-0.03
5.93517804145813,-0.06,-0.02,-0.02
5.945012092590332,-0.06,-0.01,-0.0
5.95515513420105,-0.06,0.01,0.01
5.965620994567871,-0.05,0.01,0.02
5.977289199829102,-0.02,-0.0,0.02
5.985481023788452,0.0,0.0,0.02
6.004762172698975,0.04,0.04,0.0
6.0074241161346436,0.04,0.04,0.0
6.015064239501953,0.04,0.06,-0.0
6.025026082992554,0.03,0.09,-0.01
6.0349440574646,-0.01,0.1,-0.01
6.0449841022491455,-0.06,0.1,0.0
6.0547661781311035,-0.11,0.08,0.01
6.065429210662842,-0.13,0.05,0.02
6.076051235198975,-0.13,0.01,0.02
6.0849609375,-0.1,-0.03,0.02
6.104278087615967,-0.0,-0.05,0.02
6.106882095336914,-0.0,-0.05,0.02
6.114735126495361,0.05,-0.03,0.02
6.124898910522461,0.09,-0.02,0.01
6.134793043136597,0.12,-0.01,0.01
6.1444292068481445,0.12,-0.02,-0.0
6.154508113861084,0.1,-0.01,-0.01
6.164509057998657,0.06,0.0,-0.02
6.177751064300537,0.02,0.02,-0.03
6.187452077865601,-0.03,0.04,-0.04
6.206624984741211,-0.11,0.03,-0.06
6.2081990242004395,-0.11,0.03,-0.06
6.215702056884766,-0.13,-0.02,-0.07
6.224798202514648,-0.12,-0.06,-0.06
6.23447322845459,-0.1,-0.09,-0.05
6.244387149810791,-0.07,-0.08,-0.02
6.254225254058838,-0.03,-0.04,0.01
6.264376163482666,0.0,-0.01,0.03
6.274723052978516,0.02,-0.01,0.05
6.286073207855225,0.02,-0.04,0.05
6.306227207183838,-0.0,-0.16,0.02
6.307796001434326,-0.0,-0.16,0.02
6.314235210418701,-0.01,-0.18,-0.0
6.32457709312439,-0.0,-0.15,-0.01
6.334183216094971,-0.01,-0.09,-0.02
6.3441290855407715,-0.03,-0.04,-0.01
6.354203224182129,-0.07,-0.0,0.01
6.366037130355835,-0.11,0.01,0.0
6.376902103424072,-0.14,-0.0,-0.01
6.3867411613464355,-0.18,-0.05,-0.03
6.396177053451538,-0.21,-0.11,-0.04
6.412253141403198,-0.22,-0.15,-0.04
6.414842128753662,-0.2,-0.17,-0.05
6.423730134963989,-0.16,-0.18,-0.05
6.433888912200928,-0.1,-0.15,-0.04
6.444239139556885,-0.03,-0.07,-0.03
6.453768253326416,0.04,0.02,-0.01
6.4638261795043945,0.08,0.09,0.01
6.473940134048462,0.07,0.08,0.03
6.483829021453857,0.03,0.03,0.04
6.502120018005371,-0.03,-0.04,0.04
6.504818916320801,-0.08,-0.08,0.04
6.5138092041015625,-0.11,-0.08,0.02
6.52372407913208,-0.13,-0.08,-0.01
6.533792972564697,-0.12,-0.1,-0.04
6.5436601638793945,-0.08,-0.12,-0.07
6.5535149574279785,-0.03,-0.07,-0.09
6.563475131988525,0.02,0.02,-0.09
6.576268196105957,0.03,0.03,-0.07
6.585886001586914,0.01,-0.04,-0.05
6.606121063232422,-0.06,-0.2,-0.02
6.607679128646851,-0.06,-0.2,-0.02
6.613238096237183,-0.06,-0.19,-0.02
6.623749256134033,-0.03,-0.09,-0.01
6.633378982543945,0.02,0.07,-0.01
6.643275260925293,0.05,0.18,-0.01
6.653361082077026,0.04,0.18,-0.0
6.663259983062744,-0.01,0.04,-0.0
6.673577070236206,-0.07,-0.12,-0.01
6.686012029647827,-0.12,-0.23,-0.01
6.69350004196167,-0.15,-0.26,-0.01
6.710875988006592,-0.13,-0.23,-0.0
6.7136549949646,-0.07,-0.13,0.0
6.723275184631348,0.01,0.01,0.01
6.733274936676025,0.09,0.11,0.02
6.743340015411377,0.15,0.14,0.04
6.752810001373291,0.18,0.13,0.06
6.762848138809204,0.18,0.09,0.07
6.7729151248931885,0.16,0.06,0.08
6.786463260650635,0.13,0.05,0.09
6.793046951293945,0.09,0.04,0.08
6.810492038726807,0.04,0.04,0.07
6.812636137008667,-0.01,0.03,0.06
6.822880029678345,-0.04,0.03,0.04
6.832803249359131,-0.05,0.06,0.03
6.842909097671509,-0.03,0.08,0.03
6.852473258972168,0.02,0.09,0.02
6.8629679679870605,0.08,0.08,0.0
6.872710227966309,0.12,0.04,-0.02
6.883543014526367,0.14,-0.03,-0.05
6.904757022857666,0.13,-0.2,-0.1
6.905599117279053,0.13,-0.2,-0.1
6.912772178649902,0.11,-0.24,-0.12
6.922539234161377,0.09,-0.21,-0.13
6.932549953460693,0.06,-0.13,-0.12
6.942756175994873,0.03,-0.04,-0.11
6.952339172363281,-0.01,-0.0,-0.08
6.962756156921387,-0.04,0.01,-0.05
6.972998142242432,-0.06,0.04,-0.03
6.985065937042236,-0.06,0.08,-0.02
7.006593227386475,-0.01,0.18,-0.04
7.009104251861572,-0.01,0.18,-0.04
7.012392044067383,0.03,0.17,-0.06
7.022277116775513,0.04,0.09,-0.07
7.0322442054748535,0.05,-0.04,-0.07
7.0423102378845215,0.04,-0.16,-0.08
7.052041053771973,0.04,-0.22,-0.09
7.063249111175537,0.02,-0.19,-0.09
7.072057247161865,0.01,-0.11,-0.09
7.086012125015259,-0.01,0.01,-0.08
7.106794118881226,-0.08,0.19,-0.05
7.108154058456421,-0.08,0.19,-0.05
7.112222194671631,-0.12,0.21,-0.03
7.122172117233276,-0.14,0.2,-0.01
7.132072925567627,-0.15,0.15,0.01
7.141977071762085,-0.14,0.09,0.02
7.151904106140137,-0.1,0.04,0.03
7.163069248199463,-0.04,0.01,0.03
7.172140121459961,0.02,-0.02,0.02
7.185262203216553,0.08,-0.05,0.0
7.204782962799072,0.13,-0.04,-0.04
7.206454038619995,0.13,-0.04,-0.04
7.2118239402771,0.13,0.01,-0.03
7.221683025360107,0.11,0.09,-0.03
7.232059955596924,0.08,0.16,-0.02
7.2416040897369385,0.04,0.2,-0.02
7.251760005950928,-0.0,0.21,-0.02
7.261899948120117,-0.05,0.17,-0.03
7.271457195281982,-0.08,0.1,-0.03
7.284579038619995,-0.09,0.03,-0.03
7.292587041854858,-0.07,-0.0,-0.03
7.309916019439697,-0.02,0.0,-0.02
7.312736988067627,0.05,0.05,-0.01
7.321514129638672,0.12,0.1,-0.0
7.332984924316406,0.16,0.13,0.0
7.341172218322754,0.16,0.13,0.01
7.351442098617554,0.14,0.11,0.01
7.361499071121216,0.09,0.08,0.02
7.371222972869873,0.03,0.06,0.03
7.383630037307739,-0.02,0.05,0.03
7.403131008148193,-0.06,0.06,0.05
7.404654026031494,-0.06,0.06,0.05
7.411145210266113,-0.06,0.08,0.04
7.4215521812438965,-0.03,0.09,0.04
7.431239128112793,0.0,0.1,0.03
7.441083908081055,0.04,0.1,0.04
7.451223134994507,0.08,0.08,0.05
7.461334228515625,0.12,0.07,0.07
7.471674919128418,0.14,0.06,0.11
7.4841132164001465,0.15,0.05,0.14
7.492906093597412,0.15,0.06,0.16
7.510465145111084,0.09,0.06,0.12
7.512731075286865,0.09,0.06,0.12
7.521358966827393,0.04,0.06,0.07
7.5312089920043945,-0.02,0.07,0.01
7.5409369468688965,-0.09,0.08,-0.03
7.551030158996582,-0.15,0.1,-0.07
7.561101913452148,-0.2,0.1,-0.1
7.57073712348938,-0.24,0.1,-0.11
7.583559989929199,-0.26,0.08,-0.12
7.605009078979492,-0.23,0.05,-0.1
7.606575965881348,-0.23,0.05,-0.1
7.610942125320435,-0.17,0.08,-0.08
7.620949029922485,-0.1,0.15,-0.06
7.630744934082031,-0.03,0.24,-0.04
7.640748977661133,0.03,0.33,-0.03
7.650759220123291,0.08,0.4,-0.03
7.660506248474121,0.11,0.42,-0.02
7.673580169677734,0.11,0.36,-0.02
7.680720090866089,0.09,0.21,-0.02
7.7006611824035645,0.04,-0.1,-0.02
7.703016042709351,0.04,-0.1,-0.02
7.710519075393677,0.02,-0.17,-0.03
7.720920085906982,-0.0,-0.16,-0.04
7.730581045150757,-0.01,-0.07,-0.03
7.740817070007324,0.0,0.07,-0.02
7.750420093536377,0.01,0.22,0.0
7.760654926300049,0.02,0.32,0.02
7.774205207824707,0.01,0.33,0.03
7.780426025390625,-0.02,0.26,0.02
7.799130916595459,-0.09,0.14,-0.02
7.801565170288086,-0.17,0.01,-0.06
7.81031608581543,-0.22,-0.08,-0.1
7.8202550411224365,-0.23,-0.1,-0.11
7.830388069152832,-0.19,-0.06,-0.1
7.840491056442261,-0.12,0.01,-0.07
7.850142002105713,-0.02,0.09,-0.03
7.860180139541626,0.08,0.15,0.01
7.8700151443481445,0.15,0.17,0.04
7.8828349113464355,0.19,0.14,0.03
7.891803026199341,0.2,0.09,0.01
7.909990072250366,0.18,0.01,-0.05
7.912116050720215,0.18,0.01,-0.05
7.919981956481934,0.19,0.02,-0.07
7.930106163024902,0.23,0.03,-0.06
7.940063953399658,0.29,0.05,-0.01
7.949941158294678,0.32,0.05,0.05
7.959656238555908,0.32,0.02,0.1
7.969662189483643,0.26,0.0,0.14
7.980574131011963,0.17,-0.0,0.14
8.002507209777832,-0.12,0.14,0.09
8.003996133804321,-0.12,0.14,0.09
8.009740114212036,-0.29,0.25,0.05
8.018161058425903,-0.44,0.34,0.01
8.028202056884766,-0.56,0.41,-0.04
8.038318157196045,-0.61,0.42,-0.08
8.048068046569824,-0.58,0.38,-0.12
8.05806303024292,-0.46,0.3,-0.15
8.068361043930054,-0.26,0.18,-0.14
8.082348108291626,-0.03,0.06,-0.08
8.101990222930908,0.33,-0.06,0.07
8.104533195495605,0.33,-0.06,0.07
8.109086990356445,0.41,-0.07,0.12
8.118943214416504,0.42,-0.07,0.14
8.127930164337158,0.37,-0.05,0.14
8.137954235076904,0.27,-0.04,0.1
8.148128032684326,0.15,-0.03,0.06
8.157928943634033,0.03,-0.02,0.01
8.167699098587036,-0.08,0.0,-0.03
8.180700063705444,-0.17,0.06,-0.04
8.201524257659912,-0.3,0.2,-0.04
8.204030990600586,-0.3,0.2,-0.04
8.207695007324219,-0.31,0.23,-0.05
8.217995166778564,-0.28,0.22,-0.06
8.227639198303223,-0.21,0.16,-0.06
8.2378671169281,-0.1,0.07,-0.07
8.248057126998901,0.05,-0.03,-0.07
8.257878065109253,0.19,-0.09,-0.06
8.270997047424316,0.31,-0.08,-0.03
8.277801990509033,0.37,-0.04,0.01
8.296639919281006,0.36,-0.0,0.04
8.299024105072021,0.31,0.01,0.07
8.307639122009277,0.21,-0.0,0.08
8.317462921142578,0.09,-0.01,0.07
8.327352046966553,-0.05,-0.01,0.05
8.337498188018799,-0.18,-0.01,0.02
8.347451210021973,-0.28,0.01,-0.02
8.35745906829834,-0.33,0.03,-0.05
8.367444038391113,-0.32,0.05,-0.06
8.379688024520874,-0.25,0.07,-0.06
8.40415906906128,-0.05,0.1,0.01
8.405580043792725,-0.05,0.1,0.01
8.40792202949524,0.02,0.07,0.06
8.4171462059021,0.06,0.02,0.1
8.427000045776367,0.06,-0.02,0.12
8.437060117721558,0.03,-0.06,0.13
8.44697904586792,-0.02,-0.06,0.13
8.45715618133545,-0.06,-0.04,0.13
8.468307971954346,-0.08,-0.01,0.11
8.479787111282349,-0.07,0.02,0.08
8.50126600265503,0.04,0.02,0.06
8.50382113456726,0.04,0.02,0.06
8.507072925567627,0.12,0.02,0.07
8.516907215118408,0.18,0.02,0.09
8.52721905708313,0.2,-0.0,0.1
8.53705906867981,0.18,-0.03,0.08
8.546746253967285,0.12,-0.03,0.06
8.556886196136475,0.05,-0.01,0.02
8.567955017089844,-0.02,0.02,-0.01
8.579565048217773,-0.06,0.06,-0.03
8.587623119354248,-0.08,0.08,-0.04
8.60575819015503,-0.05,0.09,-0.03
8.61201810836792,-0.0,0.07,-0.02
8.621915102005005,0.05,0.02,-0.01
8.631840229034424,0.1,-0.03,-0.01
8.641682147979736,0.13,-0.07,-0.01
8.651721000671387,0.12,-0.08,-0.02
8.661615133285522,0.1,-0.05,-0.03
8.672677040100098,0.07,-0.01,-0.04
8.68395209312439,0.07,0.04,-0.05
8.69201111793518,0.07,0.06,-0.05
8.710041046142578,0.08,0.06,-0.05
8.71241807937622,0.1,0.04,-0.03
8.721476078033447,0.09,-0.01,-0.01
8.731962203979492,0.07,-0.07,0.01
8.74192214012146,0.06,-0.09,0.04
8.751550197601318,0.04,-0.07,0.05
8.761617183685303,0.03,-0.02,0.05
8.771406173706055,0.01,0.03,0.03
8.782162189483643,-0.01,0.07,0.01
8.806400060653687,-0.04,0.07,-0.04
8.806734085083008,-0.04,0.07,-0.04
8.811398983001709,-0.03,0.05,-0.04
8.821317195892334,-0.01,0.04,-0.03
8.831449031829834,0.02,0.02,0.0
8.841408252716064,0.04,-0.0,0.03
8.851109027862549,0.05,-0.0,0.06
8.861155986785889,0.04,-0.01,0.07
8.875232219696045,0.02,-0.02,0.06
8.881302118301392,-0.0,-0.04,0.05
8.90089225769043,-0.01,-0.05,0.0
8.90325117111206,-0.01,-0.05,0.0
8.911055088043213,-0.0,-0.05,-0.02
8.921276092529297,0.01,-0.03,-0.03
8.931347131729126,0.04,-0.01,-0.02
8.941116094589233,0.05,0.01,-0.0
8.951003074645996,0.06,0.03,0.02
8.961084127426147,0.05,0.04,0.02
8.970818996429443,0.04,0.02,0.02
8.986095905303955,0.02,-0.01,0.02
8.992130041122437,0.02,-0.04,0.02
9.009912014007568,0.02,-0.07,0.02
9.012142181396484,0.02,-0.09,0.02
9.020680904388428,0.03,-0.09,0.02
9.03112006187439,0.02,-0.08,0.01
9.04055404663086,0.01,-0.05,0.0
9.050640106201172,0.0,-0.01,-0.01
9.060770988464355,0.0,0.04,-0.02
9.070162057876587,0.0,0.08,-0.02
9.081075191497803,-0.01,0.09,-0.0
9.102270126342773,-0.03,0.04,0.03
9.10381007194519,-0.03,0.04,0.03
9.110555171966553,-0.04,-0.04,0.04
9.120422124862671,-0.03,-0.12,0.04
9.130494117736816,-0.0,-0.18,0.05
9.140505075454712,0.04,-0.2,0.07
9.150548934936523,0.09,-0.17,0.09
9.160308122634888,0.12,-0.11,0.1
9.170166015625,0.13,-0.07,0.11
9.183229923248291,0.1,-0.05,0.1
9.192259073257446,0.05,-0.05,0.07
9.210719108581543,-0.09,-0.03,-0.01
9.213170051574707,-0.09,-0.03,-0.01
9.220206260681152,-0.16,0.01,-0.05
9.230308055877686,-0.2,0.05,-0.07
9.240332126617432,-0.21,0.08,-0.05
9.250194072723389,-0.17,0.1,-0.01
9.260066032409668,-0.12,0.11,0.04
9.270296096801758,-0.05,0.1,0.06
9.280017137527466,-0.0,0.07,0.06
9.301160097122192,0.06,-0.0,0.04
9.303493976593018,0.06,-0.0,0.04
9.310163974761963,0.07,-0.04,0.02
9.319746017456055,0.07,-0.08,-0.0
9.330207109451294,0.06,-0.1,-0.01
9.339938163757324,0.05,-0.07,-0.01
9.349833011627197,0.02,-0.02,-0.02
9.359751224517822,0.0,0.05,-0.01
9.37230396270752,-0.02,0.13,-0.0
9.381907939910889,-0.02,0.19,0.0
9.4042649269104,0.01,0.12,0.03
9.405753135681152,0.01,0.12,0.03
9.409818172454834,0.03,0.02,0.04
9.419771194458008,0.05,-0.08,0.04
9.42972207069397,0.05,-0.14,0.04
9.439462184906006,0.04,-0.14,0.04
9.449831008911133,0.02,-0.08,0.04
9.459717035293579,0.01,0.01,0.03
9.469533920288086,0.0,0.1,0.02
9.481468200683594,0.0,0.14,0.01
9.504878997802734,-0.02,0.06,-0.02
9.507512092590332,-0.02,0.06,-0.02
9.509212017059326,-0.03,-0.02,-0.02
9.519320964813232,-0.05,-0.07,-0.02
9.529391050338745,-0.04,-0.07,-0.01
9.53959321975708,-0.02,-0.04,0.01
9.549329042434692,0.0,0.01,0.01
9.559278011322021,0.01,0.03,0.02
9.569435119628906,-0.0,0.04,0.02
9.57995319366455,-0.04,0.03,0.01
9.602551937103271,-0.09,0.03,0.01
9.604520082473755,-0.09,0.03,0.01
9.609031200408936,-0.07,0.05,0.01
9.619424104690552,-0.04,0.06,0.01
9.62912893295288,-0.0,0.06,0.02
9.638919115066528,0.02,0.06,0.02
9.648963928222656,0.02,0.06,0.02
9.659070014953613,0.01,0.08,0.03
9.668875217437744,-0.01,0.09,0.03
9.679107189178467,-0.02,0.08,0.03
9.701401233673096,-0.01,0.02,0.02
9.703407049179077,-0.01,0.02,0.02
9.709440231323242,-0.01,-0.0,0.01
9.7190420627594,-0.03,-0.01,0.01
9.728865146636963,-0.04,0.01,0.01
9.73842191696167,-0.04,0.03,0.02
9.748967170715332,-0.03,0.06,0.02
9.758872985839844,-0.0,0.06,0.02
9.768946170806885,0.02,0.04,0.01
9.780647039413452,0.05,0.01,0.0
9.803750038146973,0.03,0.0,0.0
9.80650520324707,0.03,0.0,0.0
9.809030055999756,0.01,0.01,0.0
9.818701028823853,-0.01,0.01,-0.01
9.828710079193115,-0.03,-0.0,-0.02
9.838369131088257,-0.03,-0.02,-0.02
9.848624229431152,-0.02,-0.05,-0.01
9.858943939208984,-0.01,-0.06,-0.0
9.868402004241943,0.0,-0.06,0.01
9.880388259887695,0.0,-0.04,0.02
9.904916048049927,-0.04,-0.0,-0.0
9.907554149627686,-0.04,-0.0,-0.0
9.910131931304932,-0.07,0.01,-0.01
9.91807508468628,-0.07,0.02,-0.02
9.928373098373413,-0.06,0.02,-0.02
9.93822717666626,-0.03,0.01,-0.02
9.948385238647461,0.0,-0.0,-0.01
9.958285093307495,0.04,-0.02,0.0
9.969120025634766,0.07,-0.02,0.0
9.978575229644775,0.08,-0.04,0.0
10.00011396408081,0.06,-0.03,0.02
10.001838207244873,0.06,-0.03,0.02
10.008095026016235,0.05,-0.02,0.02
10.017993927001953,0.02,-0.0,0.02
10.02819013595581,-0.01,0.01,0.02
10.037827968597412,-0.05,0.01,0.01
10.048228025436401,-0.1,0.02,0.0
10.057922124862671,-0.11,0.01,0.01
10.067814111709595,-0.1,-0.0,0.02
10.080713033676147,-0.05,-0.03,0.04
10.088350057601929,0.01,-0.05,0.05
10.108405113220215,0.1,-0.1,0.07
10.110749244689941,0.1,-0.1,0.07
10.117757081985474,0.11,-0.11,0.05
10.128026008605957,0.1,-0.08,0.04
10.137691974639893,0.08,-0.04,0.03
10.147898197174072,0.05,-0.01,0.03
10.157770156860352,0.03,-0.0,0.03
10.167519092559814,0.03,0.0,0.02
10.177879095077515,0.04,-0.01,0.02
10.198071002960205,0.04,-0.05,0.03
10.1999831199646,0.04,-0.05,0.03
10.207766056060791,0.04,-0.06,0.04
10.217592239379883,0.04,-0.07,0.05
10.227527141571045,0.04,-0.05,0.05
10.237627983093262,0.05,-0.03,0.05
10.247509956359863,0.04,0.0,0.04
10.257641077041626,0.03,0.03,0.03
10.267590999603271,0.0,0.06,0.02
10.28033709526062,-0.03,0.07,0.0
10.303497076034546,-0.07,0.01,-0.01
10.306107997894287,-0.07,0.01,-0.01
10.30832290649414,-0.06,-0.02,-0.01
10.317062139511108,-0.03,-0.04,-0.02
10.327649116516113,0.0,-0.01,-0.03
10.338542938232422,0.03,0.02,-0.04
10.3471200466156,0.02,0.01,-0.03
10.357522010803223,0.01,-0.03,-0.01
10.36831521987915,-0.01,-0.08,0.0
10.377291202545166,0.0,-0.11,0.01
10.397772073745728,0.01,-0.08,0.01
10.399984121322632,0.01,-0.08,0.01
10.40722107887268,-0.0,-0.05,0.0
10.417251110076904,-0.02,-0.02,0.01
10.427490234375,-0.04,-0.01,0.02
10.436809062957764,-0.05,-0.0,0.03
10.44697618484497,-0.03,-0.02,0.04
10.457040071487427,-0.01,-0.06,0.06
10.46712613105774,0.02,-0.11,0.07
10.479949951171875,0.04,-0.14,0.06
10.503031253814697,0.05,-0.09,0.04
10.504667043685913,0.05,-0.09,0.04
10.506951093673706,0.03,-0.01,0.04
10.516489028930664,0.0,0.08,0.04
10.526806116104126,-0.0,0.14,0.04
10.536679029464722,0.01,0.17,0.05
10.546842098236084,0.03,0.14,0.06
10.556550025939941,0.05,0.07,0.08
10.566336154937744,0.05,0.02,0.08
10.576985120773315,0.06,0.0,0.07
10.597830057144165,0.02,0.03,0.05
10.600019931793213,0.02,0.03,0.05
10.606586933135986,-0.01,0.04,0.05
10.616382122039795,-0.01,0.05,0.03
10.626428127288818,0.0,0.05,0.01
10.63629412651062,0.01,0.04,-0.01
10.646214008331299,0.01,0.03,-0.03
10.656532049179077,-0.0,0.04,-0.03
10.666429996490479,-0.02,0.07,-0.04
10.677717208862305,-0.02,0.07,-0.04
10.701571941375732,0.01,0.05,-0.05
10.703319072723389,0.01,0.05,-0.05
10.706114053726196,0.02,0.04,-0.05
10.716104984283447,0.04,0.04,-0.05
10.726162910461426,0.03,0.02,-0.05
10.73737907409668,0.01,-0.01,-0.05
10.746174097061157,-0.01,-0.03,-0.05
10.756031036376953,-0.02,-0.04,-0.05
10.76637601852417,-0.03,-0.04,-0.06
10.779250144958496,-0.05,-0.02,-0.06
10.801818132400513,-0.07,0.05,-0.06
10.80455207824707,-0.07,0.05,-0.06
10.806554079055786,-0.07,0.07,-0.06
10.81580924987793,-0.07,0.07,-0.06
10.826062202453613,-0.05,0.03,-0.04
10.83715295791626,-0.03,-0.02,-0.02
10.845911979675293,0.0,-0.07,-0.01
10.856035232543945,0.04,-0.08,0.0
10.865938186645508,0.07,-0.01,0.01
10.877710103988647,0.09,0.07,0.02
10.900102138519287,0.06,0.14,0.03
10.902657985687256,0.06,0.14,0.03
10.90586519241333,0.05,0.12,0.03
10.91575813293457,0.06,0.09,0.04
10.925714015960693,0.07,0.06,0.04
10.935457229614258,0.08,0.02,0.05
10.945671081542969,0.09,-0.04,0.06
10.95589804649353,0.1,-0.05,0.04
10.965655088424683,0.09,-0.04,0.02
10.978919982910156,0.06,-0.04,0.01
10.986776113510132,0.02,-0.04,0.0
11.003212928771973,-0.02,-0.04,-0.0
11.006120204925537,-0.08,-0.01,-0.01
11.015451908111572,-0.13,0.04,-0.03
11.025751113891602,-0.18,0.06,-0.03
11.035392045974731,-0.2,0.05,-0.0
11.045485973358154,-0.16,0.02,0.03
11.055402040481567,-0.09,-0.01,0.06
11.06528902053833,0.01,-0.04,0.08
11.075922012329102,0.11,-0.04,0.08
11.096002101898193,0.2,0.04,0.05
11.098197937011719,0.2,0.04,0.05
11.105279922485352,0.15,0.01,0.01
11.115251064300537,0.06,-0.09,-0.01
11.125294208526611,-0.03,-0.17,-0.03
11.134964942932129,-0.09,-0.18,-0.03
11.145112991333008,-0.1,-0.14,-0.02
11.154837131500244,-0.09,-0.04,-0.01
11.167962074279785,-0.06,0.1,-0.0
11.175178050994873,-0.03,0.2,0.01
11.194224119186401,0.02,0.12,0.04
11.19583797454834,0.02,0.12,0.04
11.204758167266846,0.04,-0.01,0.06
11.215121030807495,0.06,-0.14,0.07
11.226380109786987,0.07,-0.2,0.08
11.235013961791992,0.06,-0.17,0.07
11.244827032089233,0.03,-0.07,0.06
11.25478219985962,-0.0,0.01,0.05
11.264743089675903,-0.03,0.03,0.05
11.277791023254395,-0.04,0.02,0.03
11.28620195388794,-0.04,-0.01,0.01
11.303694248199463,-0.04,-0.04,0.0
11.30622410774231,-0.02,-0.03,-0.01
11.314351081848145,-0.02,0.03,-0.01
11.324615955352783,-0.02,0.07,-0.0
11.334638118743896,-0.01,0.06,0.01
11.344539165496826,0.01,0.01,0.01
11.354636192321777,0.05,-0.05,0.02
11.364311218261719,0.08,-0.11,0.02
11.3789381980896,0.08,-0.14,0.03
11.3994300365448,0.04,-0.06,0.02
11.401922225952148,0.04,-0.06,0.02
11.40445613861084,0.0,-0.01,0.0
11.414433002471924,-0.04,0.02,-0.02
11.424505233764648,-0.06,0.05,-0.03
11.435442924499512,-0.07,0.08,-0.05
11.444369077682495,-0.07,0.09,-0.06
11.454098224639893,-0.06,0.09,-0.05
11.4670729637146,-0.04,0.04,-0.04
11.47435712814331,0.0,-0.0,-0.03
11.492433071136475,0.05,-0.03,-0.01
11.495098114013672,0.09,-0.05,0.01
11.504289150238037,0.11,-0.03,0.02
11.5141019821167,0.1,-0.0,0.02
11.524234056472778,0.07,0.02,0.03
11.534058094024658,0.03,0.03,0.03
11.543979167938232,0.0,0.02,0.03
11.554509162902832,-0.0,0.01,0.02
11.566859245300293,0.02,0.03,0.01
11.574150085449219,0.05,0.06,0.0
11.594672203063965,0.08,0.09,0.0
11.597063064575195,0.08,0.09,0.0
11.603764057159424,0.08,0.04,0.0
11.613921165466309,0.06,0.01,0.01
11.624957084655762,0.03,-0.03,0.0
11.634046077728271,-0.0,-0.05,0.0
11.64395809173584,-0.03,-0.04,-0.0
11.655915260314941,-0.04,-0.01,-0.01
11.664273023605347,-0.03,0.01,-0.02
11.676260948181152,-0.02,0.02,-0.02
11.69596815109253,0.02,0.0,-0.01
11.69760012626648,0.02,0.0,-0.01
11.703241109848022,0.02,-0.02,-0.0
11.713480949401855,0.03,-0.01,-0.0
11.723546981811523,0.04,0.01,0.0
11.733829975128174,0.05,0.01,0.01
11.743545055389404,0.06,0.0,0.02
11.753770112991333,0.07,-0.01,0.02
11.766217231750488,0.08,-0.02,0.02
11.775377035140991,0.08,-0.04,0.02
11.7955961227417,0.06,-0.08,0.03
11.797311067581177,0.06,-0.08,0.03
11.80335521697998,0.04,-0.09,0.03
11.813596248626709,0.03,-0.09,0.02
11.82315707206726,0.01,-0.09,0.02
11.833399057388306,-0.01,-0.07,0.0
11.843305110931396,-0.01,-0.05,-0.03
11.852760076522827,-0.01,-0.03,-0.04
11.865947246551514,0.01,-0.01,-0.04
11.876158237457275,0.05,0.0,-0.02
11.896735191345215,0.11,-0.01,0.04
11.899282932281494,0.11,-0.01,0.04
11.903058052062988,0.13,-0.03,0.06
11.912879943847656,0.13,-0.05,0.06
11.923161029815674,0.12,-0.07,0.05
11.933375120162964,0.08,-0.08,0.03
11.942909240722656,0.03,-0.08,0.01
11.95268201828003,-0.03,-0.05,-0.01
11.963582038879395,-0.08,-0.01,-0.02
11.975982189178467,-0.12,0.03,-0.03
11.996003150939941,-0.1,0.09,-0.03
11.999491214752197,-0.1,0.09,-0.03
12.002756118774414,-0.06,0.07,-0.02
12.012825012207031,0.02,0.03,-0.02
12.017509937286377,0.08,-0.02,-0.01
12.027820110321045,0.12,-0.05,-0.0
12.037261962890625,0.12,-0.06,-0.0
12.047688961029053,0.08,-0.03,-0.0
12.05758810043335,0.01,0.01,-0.01
12.067346096038818,-0.06,0.06,-0.02
12.086718082427979,-0.13,0.11,-0.05
12.089524030685425,-0.13,0.11,-0.05
12.097608089447021,-0.11,0.1,-0.04
12.107563972473145,-0.06,0.07,-0.03
12.117398023605347,0.01,0.04,-0.02
12.127454042434692,0.06,0.0,-0.0
12.137455940246582,0.1,-0.02,0.01
12.14714002609253,0.1,-0.03,0.03
12.160006999969482,0.08,-0.02,0.03
12.169587135314941,0.04,-0.01,0.03
12.189565181732178,-0.05,0.05,0.01
12.19040822982788,-0.05,0.05,0.01
12.197220087051392,-0.08,0.09,0.0
12.20733904838562,-0.08,0.11,0.01
12.218174934387207,-0.06,0.09,0.01
12.227076053619385,-0.02,0.06,0.01
12.236988067626953,0.02,0.02,0.01
12.247186183929443,0.05,-0.02,0.01
12.259613037109375,0.06,-0.03,0.02
12.267508029937744,0.05,-0.01,0.02
12.285975933074951,0.02,0.02,0.02
12.28889799118042,-0.01,0.06,0.01
12.296984195709229,-0.04,0.1,0.0
12.306828022003174,-0.06,0.13,0.0
12.316787242889404,-0.07,0.11,-0.0
12.326961994171143,-0.04,0.05,-0.0
12.336905002593994,-0.01,-0.01,-0.0
12.346627235412598,0.04,-0.06,0.0
12.359883069992065,0.07,-0.08,-0.0
12.367051124572754,0.07,-0.06,0.0
12.386593103408813,0.01,0.02,0.01
12.389048099517822,0.01,0.02,0.01
12.396719932556152,-0.01,0.04,0.02
12.40655517578125,-0.03,0.05,0.02
12.416703224182129,-0.04,0.04,0.02
12.426384925842285,-0.04,0.03,0.02
12.43639326095581,-0.04,0.02,0.01
12.446424007415771,-0.03,0.01,0.01
12.459658145904541,-0.03,0.01,0.0
12.467000007629395,-0.01,-0.0,0.0
12.487263202667236,0.04,-0.06,0.02
12.490171909332275,0.04,-0.06,0.02
12.496607065200806,0.07,-0.09,0.03
12.506323099136353,0.08,-0.11,0.04
12.516599178314209,0.07,-0.12,0.04
12.526203155517578,0.03,-0.12,0.03
12.53679609298706,-0.0,-0.12,0.0
12.546441078186035,-0.04,-0.1,-0.02
12.559351921081543,-0.08,-0.07,-0.04
12.566282033920288,-0.09,-0.03,-0.04
12.583823204040527,-0.09,-0.01,-0.04
12.586228132247925,-0.07,0.01,-0.02
12.597860097885132,-0.04,0.01,-0.0
12.607684135437012,-0.0,0.01,0.02
12.617630004882812,0.04,0.02,0.04
12.628660202026367,0.07,0.02,0.05
12.638050079345703,0.09,0.01,0.04
12.647393226623535,0.08,-0.01,0.02
12.659777164459229,0.03,-0.03,-0.0
12.669901132583618,-0.03,-0.04,-0.02
12.690701961517334,-0.1,-0.03,-0.02
12.692398071289062,-0.1,-0.03,-0.02
12.696990966796875,-0.1,-0.01,-0.01
12.70772123336792,-0.06,0.02,0.01
12.717257976531982,-0.03,0.06,0.01
12.727381229400635,-0.02,0.09,0.01
12.737064123153687,-0.03,0.1,-0.0
12.747814178466797,-0.05,0.1,-0.01
12.75893497467041,-0.06,0.08,-0.01
12.767327070236206,-0.06,0.07,-0.01
12.78637409210205,0.0,0.08,-0.0
12.789172172546387,0.0,0.08,-0.0
12.797307014465332,0.03,0.07,0.0
12.80821704864502,0.05,0.04,0.01
12.817002058029175,0.06,-0.01,0.01
12.827043056488037,0.04,-0.04,0.02
12.836960077285767,0.02,-0.05,0.02
12.84699296951294,-0.0,0.0,0.02
12.860032081604004,-0.01,0.09,-0.0
12.869229078292847,-0.02,0.14,-0.01
12.890629053115845,0.03,0.1,0.01
12.89212417602539,0.03,0.1,0.01
12.89676308631897,0.07,0.01,0.03
12.906780242919922,0.1,-0.09,0.04
12.916743040084839,0.11,-0.13,0.03
12.926793098449707,0.08,-0.08,0.02
12.936739921569824,0.03,0.04,-0.0
12.94658613204956,-0.02,0.13,-0.02
12.956412076950073,-0.06,0.19,-0.03
12.969510078430176,-0.08,0.21,-0.01
12.990090131759644,-0.02,0.06,0.02
12.99179220199585,-0.02,0.06,0.02
12.99665117263794,0.02,-0.03,0.03
13.007614135742188,0.06,-0.11,0.04
13.016294956207275,0.06,-0.16,0.04
13.026716232299805,0.04,-0.18,0.02
13.036341190338135,0.01,-0.16,0.02
13.046245098114014,-0.02,-0.13,0.02
13.059224128723145,-0.05,-0.11,0.02
13.068583011627197,-0.08,-0.1,0.0
13.08993411064148,-0.09,-0.09,-0.02
13.091507911682129,-0.09,-0.09,-0.02
13.096434116363525,-0.08,-0.09,-0.03
13.105902194976807,-0.05,-0.09,-0.03
13.116239070892334,0.0,-0.08,-0.03
13.127265930175781,0.05,-0.07,-0.01
13.136321067810059,0.08,-0.06,0.01
13.146311044692993,0.09,-0.02,0.03
13.156253099441528,0.09,0.04,0.05
13.168734073638916,0.07,0.09,0.06
13.17635703086853,0.05,0.12,0.06
13.19355821609497,0.02,0.12,0.05
13.196093082427979,-0.01,0.09,0.04
13.206133127212524,-0.03,0.04,0.03
13.21587324142456,-0.04,-0.01,0.03
13.226136207580566,-0.03,-0.05,0.03
13.235695123672485,-0.02,-0.06,0.03
13.245649099349976,-0.01,-0.06,0.03
13.255853176116943,-0.02,-0.04,0.02
13.268680095672607,-0.03,-0.03,0.01
13.288219928741455,-0.04,-0.0,0.01
13.290755033493042,-0.04,-0.0,0.01
13.295624256134033,-0.04,-0.01,0.02
13.305674076080322,-0.02,-0.03,0.02
13.315629005432129,-0.01,-0.05,0.02
13.32536506652832,-0.01,-0.06,0.02
13.335190057754517,-0.02,-0.06,0.02
13.346956253051758,-0.02,-0.04,0.02
13.358126163482666,-0.02,-0.01,0.02
13.365414142608643,-0.0,0.03,0.03
13.386536121368408,0.02,0.07,0.04
13.388906955718994,0.02,0.07,0.04
13.395719051361084,-0.01,0.05,0.04
13.405546188354492,-0.06,0.0,0.02
13.41546106338501,-0.11,-0.03,-0.01
13.425221920013428,-0.16,-0.03,-0.02
13.435242176055908,-0.18,0.02,-0.03
13.445189952850342,-0.16,0.05,-0.03
13.458974123001099,-0.12,0.06,-0.03
13.465824127197266,-0.07,0.05,-0.03
13.486098051071167,-0.06,0.04,-0.04
13.488502979278564,-0.06,0.04,-0.04
13.495396137237549,-0.08,0.07,-0.05
13.505112171173096,-0.1,0.1,-0.07
13.515239238739014,-0.09,0.12,-0.07
13.524910926818848,-0.09,0.12,-0.05
13.5351881980896,-0.05,0.11,-0.02
13.545027256011963,-0.0,0.1,0.01
13.558558940887451,0.02,0.11,0.01
13.567488193511963,-0.01,0.08,0.0
13.586669921875,-0.17,-0.07,-0.04
13.588332176208496,-0.17,-0.07,-0.04
13.595011234283447,-0.23,-0.11,-0.05
13.605054140090942,-0.24,-0.08,-0.03
13.615211963653564,-0.19,-0.01,-0.01
13.624872207641602,-0.1,0.06,-0.0
13.634795188903809,0.0,0.11,-0.01
13.644949913024902,0.07,0.08,-0.01
13.65840196609497,0.09,-0.02,-0.01
13.6650230884552,0.08,-0.14,0.01
13.684234142303467,0.07,-0.18,0.02
13.686551094055176,0.07,-0.18,0.02
13.694423198699951,0.07,-0.1,0.02
13.705579042434692,0.07,-0.01,0.01
13.715003967285156,0.05,0.03,-0.01
13.724684238433838,-0.0,-0.03,-0.03
13.735798120498657,-0.05,-0.12,-0.05
13.744771957397461,-0.08,-0.17,-0.07
13.758722066879272,-0.09,-0.16,-0.08
13.76509404182434,-0.07,-0.07,-0.09
13.785508155822754,-0.04,0.2,-0.12
13.788173198699951,-0.04,0.2,-0.12
13.794264078140259,-0.04,0.2,-0.14
13.80452013015747,-0.07,0.08,-0.14
13.8142991065979,-0.1,-0.05,-0.14
13.82508897781372,-0.1,-0.1,-0.14
13.834204196929932,-0.09,-0.07,-0.13
13.844467163085938,-0.08,0.01,-0.12
13.858534097671509,-0.09,0.07,-0.13
13.864372253417969,-0.15,0.09,-0.16
13.882272243499756,-0.23,0.09,-0.19
13.884960174560547,-0.31,0.13,-0.21
13.894379138946533,-0.34,0.17,-0.19
13.904022216796875,-0.32,0.2,-0.14
13.91408109664917,-0.25,0.21,-0.09
13.924020051956177,-0.15,0.18,-0.06
13.933903217315674,-0.07,0.15,-0.07
13.946789026260376,-0.03,0.09,-0.11
13.9581880569458,-0.04,0.05,-0.12
13.9640212059021,-0.07,0.02,-0.09
13.98331594467163,-0.12,0.02,-0.06
13.985685110092163,-0.12,0.02,-0.06
13.99406099319458,-0.14,-0.0,-0.05
14.00365400314331,-0.16,-0.07,-0.05
14.013782024383545,-0.18,-0.13,-0.06
14.023802042007446,-0.19,-0.12,-0.07
14.033610105514526,-0.18,-0.07,-0.06
14.044029235839844,-0.15,0.01,-0.07
14.056222915649414,-0.11,0.06,-0.06
14.063775062561035,-0.05,0.04,-0.05
14.082714080810547,0.02,-0.11,0.04
14.084419250488281,0.02,-0.11,0.04
14.093568086624146,0.03,-0.11,0.07
14.103549003601074,0.03,-0.01,0.08
14.113815069198608,0.04,0.12,0.06
14.12350606918335,0.06,0.2,0.04
14.1334810256958,0.07,0.22,0.02
14.143676042556763,0.09,0.15,-0.0
14.154043197631836,0.1,0.03,-0.01
14.166314125061035,0.09,-0.05,-0.01
14.186037063598633,0.09,0.02,0.02
14.187595129013062,0.09,0.02,0.02
14.19336223602295,0.1,0.04,0.04
14.204555988311768,0.09,0.03,0.07
14.213411092758179,0.08,0.0,0.08
14.22324800491333,0.05,-0.04,0.07
14.233424186706543,-0.0,-0.1,0.03
14.243178129196167,-0.05,-0.16,0.01
14.253520965576172,-0.08,-0.16,0.01
14.26563811302185,-0.1,-0.06,0.03
14.286149978637695,-0.07,0.18,0.06
14.288739204406738,-0.07,0.18,0.06
14.293241024017334,-0.03,0.2,0.05
14.303636074066162,-0.0,0.13,0.04
14.313319206237793,0.03,-0.02,0.02
14.32280707359314,0.05,-0.18,0.01
14.333141088485718,0.06,-0.25,0.02
14.342718124389648,0.06,-0.23,0.05
14.352750062942505,0.03,-0.14,0.08
14.365973949432373,-0.03,-0.04,0.07
14.385138034820557,-0.13,-0.04,-0.04
14.387665033340454,-0.13,-0.04,-0.04
14.393033981323242,-0.16,-0.1,-0.04
14.402716159820557,-0.18,-0.12,-0.03
14.412744998931885,-0.17,-0.09,-0.01
14.422545909881592,-0.15,0.01,0.01
14.433686256408691,-0.1,0.12,0.01
14.4425790309906,-0.05,0.15,0.02
14.454232215881348,-0.01,0.12,0.03
14.46522307395935,-0.0,0.04,0.02
14.484280109405518,-0.03,-0.08,0.02
14.485834121704102,-0.03,-0.08,0.02
14.49257516860962,-0.05,0.01,0.03
14.502753257751465,-0.06,0.16,0.03
14.512309074401855,-0.06,0.31,0.03
14.522001028060913,-0.06,0.4,0.02
14.53213906288147,-0.06,0.39,-0.0
14.54262924194336,-0.06,0.27,-0.04
14.555699110031128,-0.07,0.08,-0.07
14.562618255615234,-0.07,-0.08,-0.07
14.581774234771729,-0.02,-0.03,-0.02
14.584326028823853,-0.02,-0.03,-0.02
14.59227991104126,0.04,0.11,-0.01
14.602545022964478,0.06,0.2,0.02
14.612154960632324,0.06,0.21,0.03
14.621734142303467,0.06,0.13,0.02
14.632369041442871,0.07,0.02,-0.0
14.64217209815979,0.09,-0.05,-0.01
14.655835151672363,0.1,-0.07,-0.02
14.66208791732788,0.08,-0.05,-0.02
14.68176794052124,-0.01,0.04,-0.01
14.684288024902344,-0.01,0.04,-0.01
14.692039012908936,-0.04,0.05,-0.03
14.70222806930542,-0.06,0.0,-0.04
14.711870193481445,-0.06,-0.04,-0.05
14.721638202667236,-0.06,-0.03,-0.04
14.731703042984009,-0.05,0.03,-0.01
14.74230408668518,-0.02,0.08,0.01
14.752226114273071,0.0,0.11,0.03
14.765335083007812,0.02,0.11,0.04
14.78512716293335,0.03,0.02,0.03
14.787874221801758,0.03,0.02,0.03
14.791532039642334,0.02,-0.02,0.03
14.80166506767273,0.01,-0.03,0.03
14.812040090560913,-0.01,-0.01,0.02
14.821650981903076,-0.02,0.03,0.01
14.831435203552246,-0.02,0.07,-0.01
14.84133005142212,-0.02,0.08,-0.02
14.854264259338379,-0.01,0.03,-0.03
14.861671924591064,0.01,-0.05,-0.04
14.879422187805176,0.03,-0.12,-0.04
14.882243156433105,0.06,-0.15,-0.04
14.891773223876953,0.07,-0.12,-0.03
14.901462078094482,0.08,-0.07,-0.01
14.911726951599121,0.08,0.01,0.01
14.921081066131592,0.08,0.09,0.02
14.931620121002197,0.07,0.13,0.03
14.94230318069458,0.04,0.1,0.04
14.957781076431274,0.01,0.04,0.03
14.961950063705444,0.0,-0.04,0.03
14.981096029281616,0.01,-0.19,0.02
14.983613014221191,0.01,-0.19,0.02
14.991288185119629,0.03,-0.22,0.03
15.001557111740112,0.05,-0.21,0.04
15.011443138122559,0.06,-0.19,0.04
15.020779132843018,0.06,-0.15,0.04
15.0312180519104,0.05,-0.09,0.04
15.041343212127686,0.03,-0.03,0.05
15.053086042404175,0.02,0.01,0.04
15.064194202423096,0.01,0.05,0.04
15.074250221252441,0.01,0.05,0.05
15.091029167175293,0.02,-0.0,0.05
15.093002080917358,0.02,-0.0,0.05
15.101139068603516,0.03,-0.04,0.05
15.111006259918213,0.02,-0.07,0.05
15.120619058609009,0.01,-0.07,0.05
15.131091117858887,0.0,-0.05,0.05
15.14077615737915,0.0,-0.04,0.05
15.150404930114746,0.0,-0.04,0.05
15.162590026855469,0.01,-0.05,0.05
15.17179822921753,0.02,-0.06,0.05
15.188578128814697,0.03,-0.05,0.05
15.191006183624268,0.05,-0.03,0.05
15.200451135635376,0.05,0.01,0.05
15.210639953613281,0.06,0.06,0.04
15.220562934875488,0.05,0.09,0.03
15.230705261230469,0.05,0.09,0.02
15.24057412147522,0.05,0.08,0.02
15.250542163848877,0.05,0.04,0.03
15.260273933410645,0.06,0.02,0.04
15.280285120010376,0.05,-0.02,0.04
15.282269954681396,0.05,-0.02,0.04
15.290426254272461,0.03,-0.03,0.04
15.300447940826416,0.02,-0.05,0.03
15.31013011932373,0.02,-0.07,0.02
15.32006311416626,0.02,-0.09,0.02
15.330965995788574,0.02,-0.09,0.02
15.341640949249268,0.02,-0.07,0.02
15.352482080459595,0.0,-0.04,0.02
15.36082410812378,-0.01,-0.01,0.03
15.381026029586792,-0.02,0.03,0.04
15.383488178253174,-0.02,0.03,0.04
15.390265941619873,-0.0,0.04,0.05
15.400413036346436,0.03,0.02,0.05
15.410192966461182,0.05,-0.0,0.04
15.421244144439697,0.07,-0.05,0.04
15.429754257202148,0.07,-0.08,0.04
15.442276000976562,0.06,-0.09,0.03
15.453052043914795,0.04,-0.08,0.03
15.460082054138184,0.01,-0.05,0.03
15.47760820388794,0.01,-0.02,0.02
15.48026704788208,0.02,0.0,0.01
15.489852905273438,0.03,-0.01,0.01
15.499746084213257,0.05,-0.04,0.0
15.509825229644775,0.05,-0.06,0.01
15.519708156585693,0.05,-0.07,0.01
15.52968692779541,0.04,-0.06,0.02
15.539772033691406,0.02,-0.05,0.02
15.552480220794678,0.01,-0.04,0.03
15.560297012329102,0.0,-0.03,0.04
15.580477237701416,0.01,0.0,0.04
15.582961082458496,0.01,0.0,0.04
15.589571952819824,0.01,0.04,0.03
15.599882125854492,0.01,0.08,0.02
15.609540939331055,0.0,0.09,0.01
15.619716167449951,-0.01,0.07,-0.0
15.629351139068604,-0.02,0.03,0.0
15.639342069625854,-0.03,0.02,0.01
15.652212142944336,-0.04,0.07,0.03
15.661826133728027,-0.06,0.24,0.06
15.682888984680176,-0.12,0.28,0.05
15.685472011566162,-0.12,0.28,0.05
15.689166069030762,-0.12,0.17,0.02
15.699621200561523,-0.1,0.08,0.0
15.709370136260986,-0.08,-0.03,0.03
15.719450950622559,-0.06,-0.08,0.06
15.729172229766846,-0.05,-0.03,0.07
15.739260196685791,-0.04,0.01,0.05
15.751909255981445,-0.05,0.05,0.02
15.76081109046936,-0.06,0.11,-0.01
15.781740188598633,-0.09,0.24,-0.04
15.78358507156372,-0.09,0.24,-0.04
15.78893518447876,-0.1,0.19,-0.05
15.799399137496948,-0.09,0.08,-0.08
15.80904507637024,-0.06,-0.04,-0.09
15.820127964019775,-0.01,-0.12,-0.09
15.828978061676025,0.01,-0.12,-0.07
15.838858127593994,0.02,-0.07,-0.05
15.852317094802856,0.0,-0.03,-0.03
15.858983993530273,0.01,-0.08,0.01
15.87716293334961,0.03,-0.17,0.04
15.879946231842041,0.05,-0.19,0.06
15.88849401473999,0.05,-0.13,0.08
15.898848056793213,0.02,-0.1,0.1
15.90900206565857,0.02,-0.19,0.11
15.918791055679321,0.08,-0.38,0.16
15.928851127624512,0.14,-0.66,0.2
15.938589096069336,0.17,-1.05,0.23
15.949485063552856,0.19,-1.45,0.3
15.961555004119873,0.2,-1.84,0.37
15.9809889793396,0.27,-2.56,0.44
15.982716083526611,0.27,-2.56,0.44
15.988622188568115,0.34,-2.65,0.43
15.998631954193115,0.37,-2.38,0.4
16.008635997772217,0.34,-1.73,0.33
16.017003059387207,0.27,-0.9,0.27
16.02725315093994,0.15,-0.23,0.28
16.038054943084717,0.02,0.18,0.35
16.046968936920166,-0.13,0.37,0.43
16.060211181640625,-0.26,0.43,0.47
16.08054804801941,-0.38,0.14,0.5
16.083056926727295,-0.38,0.14,0.5
16.086925983428955,-0.35,-0.26,0.49
16.097146034240723,-0.26,-0.83,0.42
16.106767177581787,-0.18,-1.45,0.3
16.116724967956543,-0.11,-1.88,0.19
16.126953125,-0.06,-2.09,0.13
16.136597156524658,-0.0,-2.19,0.17
16.14953112602234,0.04,-2.32,0.33
16.15931010246277,0.09,-2.41,0.56
16.179838180541992,0.2,-1.87,0.94
16.181344032287598,0.2,-1.87,0.94
16.186453104019165,0.22,-1.46,1.02
16.196778059005737,0.21,-0.99,1.0
16.206435203552246,0.17,-0.34,0.91
16.216712951660156,0.07,0.34,0.73
16.226685047149658,-0.08,0.79,0.51
16.236892223358154,-0.25,0.93,0.25
16.248631954193115,-0.4,0.93,-0.02
16.25691795349121,-0.51,0.78,-0.28
16.27833104133606,-0.55,-0.04,-0.61
16.279276132583618,-0.55,-0.04,-0.61
16.286641120910645,-0.49,-0.48,-0.64
16.296553134918213,-0.37,-0.72,-0.57
16.306451082229614,-0.18,-0.68,-0.41
16.31648302078247,0.04,-0.28,-0.26
16.325954914093018,0.25,0.26,-0.15
16.34038805961609,0.43,0.69,-0.11
16.346240043640137,0.53,0.9,-0.08
16.360342979431152,0.56,0.87,-0.03
16.378597259521484,0.42,0.3,0.24
16.380231142044067,0.42,0.3,0.24
16.385956048965454,0.33,0.2,0.34
16.396274089813232,0.22,0.18,0.36
16.405839920043945,0.14,-0.06,0.34
16.41594910621643,0.1,-0.46,0.32
16.425799131393433,0.12,-0.87,0.32
16.435964107513428,0.21,-1.16,0.39
16.4458110332489,0.31,-1.18,0.49
16.45915699005127,0.38,-0.99,0.56
16.466426134109497,0.42,-0.6,0.57
16.484600067138672,0.4,-0.17,0.52
16.486205101013184,0.35,0.06,0.42
16.496015071868896,0.31,-0.13,0.33
16.50591802597046,0.29,-0.53,0.28
16.515625953674316,0.26,-0.83,0.28
16.52558994293213,0.23,-0.9,0.28
16.535906076431274,0.18,-0.71,0.26
16.545809030532837,0.13,-0.42,0.21
16.556029081344604,0.11,-0.24,0.16
16.57542324066162,0.21,-0.54,0.11
16.57777690887451,0.21,-0.54,0.11
16.58540391921997,0.27,-0.63,0.09
16.59610891342163,0.28,-0.55,0.04
16.60538625717163,0.28,-0.42,-0.04
16.615900993347168,0.26,-0.38,-0.13
16.62555694580078,0.22,-0.38,-0.2
16.638230085372925,0.16,-0.37,-0.24
16.645668029785156,0.08,-0.32,-0.23
16.659138202667236,-0.01,-0.24,-0.19
16.67801308631897,-0.19,-0.22,-0.01
16.67961025238037,-0.19,-0.22,-0.01
16.685424089431763,-0.25,-0.36,0.12
16.695888996124268,-0.27,-0.56,0.25
16.706611156463623,-0.23,-0.67,0.34
16.715445041656494,-0.17,-0.64,0.37
16.72534418106079,-0.1,-0.5,0.34
16.73543405532837,-0.03,-0.32,0.24
16.74551820755005,0.02,-0.13,0.14
16.759334087371826,0.04,-0.01,0.06
16.777841091156006,0.01,0.12,0.07
16.77957510948181,0.01,0.12,0.07
16.785253047943115,-0.04,0.12,0.1
16.795461177825928,-0.12,0.07,0.13
16.805381059646606,-0.2,-0.03,0.16
16.815104961395264,-0.26,-0.13,0.18
16.82500123977661,-0.3,-0.15,0.19
16.834856033325195,-0.31,-0.14,0.19
16.84523105621338,-0.3,-0.15,0.19
16.85857105255127,-0.24,-0.21,0.2
16.878249168395996,-0.06,-0.23,0.21
16.87997817993164,-0.06,-0.23,0.21
16.884839057922363,0.02,-0.24,0.2
16.894897937774658,0.1,-0.25,0.16
16.90499711036682,0.15,-0.29,0.13
16.91490411758423,0.18,-0.35,0.12
16.92497491836548,0.19,-0.39,0.15
16.934566020965576,0.19,-0.4,0.17
16.944712162017822,0.18,-0.26,0.16
16.959221124649048,0.17,-0.05,0.14
16.97872018814087,0.16,0.22,0.05
16.98042917251587,0.16,0.22,0.05
16.984682083129883,0.14,0.32,-0.03
16.99457597732544,0.1,0.32,-0.11
17.00453519821167,0.06,0.22,-0.16
17.015093088150024,0.02,0.02,-0.15
17.024659156799316,0.01,-0.14,-0.06
17.034430027008057,0.02,-0.21,0.04
17.045496940612793,0.02,-0.24,0.11
17.057120084762573,0.01,-0.21,0.15
17.078444957733154,-0.03,-0.08,0.11
17.079304218292236,-0.03,-0.08,0.11
17.084474086761475,-0.06,-0.05,0.06
17.094547033309937,-0.07,-0.05,0.02
17.104376077651978,-0.09,-0.07,0.01
17.11466121673584,-0.1,-0.12,0.02
17.124163150787354,-0.1,-0.18,0.04
17.13420605659485,-0.09,-0.19,0.06
17.144501209259033,-0.08,-0.14,0.08
17.158037185668945,-0.06,-0.08,0.09
17.177346229553223,-0.03,0.03,0.08
17.17911195755005,-0.03,0.03,0.08
17.184129238128662,-0.02,0.06,0.06
17.194231033325195,-0.02,0.06,0.05
17.205076217651367,-0.02,0.05,0.04
17.214044094085693,-0.03,0.03,0.04
17.22385811805725,-0.03,-0.02,0.06
17.233752250671387,-0.03,-0.1,0.09
17.245437145233154,-0.03,-0.19,0.12
17.257236003875732,-0.04,-0.26,0.12
17.277101039886475,-0.03,-0.42,0.09
17.27878212928772,-0.03,-0.42,0.09
17.28380298614502,-0.02,-0.5,0.07
17.294230937957764,-0.01,-0.56,0.05
17.30377507209778,0.01,-0.54,0.05
17.313798904418945,-0.04,-0.33,0.03
17.323798179626465,-0.26,0.1,0.03
17.333919048309326,-0.48,0.29,0.08
17.34402894973755,-0.53,0.3,0.12
17.35759925842285,-0.45,0.19,0.12
17.37661600112915,-0.12,-0.04,0.11
17.378221035003662,-0.12,-0.04,0.11
17.38371205329895,0.01,-0.13,0.14
17.393907070159912,0.1,-0.19,0.16
17.403486251831055,0.2,-0.29,0.16
17.413559913635254,0.31,-0.42,0.12
17.424920082092285,0.43,-0.57,0.06
17.433413982391357,0.48,-0.61,-0.08
17.444186210632324,0.47,-0.59,-0.19
17.457098960876465,0.42,-0.56,-0.24
17.47722101211548,0.22,-0.56,-0.17
17.47887110710144,0.22,-0.56,-0.17
17.48324704170227,0.1,-0.61,-0.09
17.493525981903076,-0.02,-0.67,-0.0
17.50359296798706,-0.12,-0.71,0.07
17.513405084609985,-0.19,-0.73,0.11
17.523121118545532,-0.23,-0.74,0.13
17.53302812576294,-0.23,-0.7,0.13
17.54342007637024,-0.2,-0.67,0.11
17.557086944580078,-0.14,-0.63,0.05
17.56346106529236,-0.06,-0.57,-0.0
17.58170509338379,0.02,-0.54,-0.04
17.584211111068726,0.1,-0.53,-0.06
17.593541145324707,0.16,-0.52,-0.05
17.603100061416626,0.19,-0.51,-0.02
17.613152027130127,0.2,-0.53,-0.0
17.623074054718018,0.18,-0.57,-0.0
17.632930040359497,0.13,-0.61,-0.01
17.643271923065186,0.08,-0.65,-0.02
17.653007984161377,0.03,-0.66,-0.03
17.67295002937317,-0.06,-0.56,0.0
17.675360202789307,-0.06,-0.56,0.0
17.68281126022339,-0.08,-0.48,0.04
17.692798137664795,-0.08,-0.37,0.08
17.7029070854187,-0.08,-0.27,0.11
17.712651252746582,-0.05,-0.22,0.11
17.722580909729004,-0.03,-0.21,0.09
17.73261022567749,0.0,-0.2,0.07
17.743868112564087,0.03,-0.16,0.04
17.75330400466919,0.06,-0.11,0.02
17.773722171783447,0.1,0.09,0.01
17.77606201171875,0.1,0.09,0.01
17.782535076141357,0.11,0.18,0.02
17.792372226715088,0.11,0.22,0.04
17.802485942840576,0.1,0.21,0.06
17.812308073043823,0.09,0.16,0.06
17.822219133377075,0.07,0.08,0.05
17.83348512649536,0.04,-0.02,0.04
17.844158172607422,0.01,-0.15,0.03
17.852898120880127,-0.02,-0.26,0.03
17.873451232910156,-0.07,-0.39,0.03
17.87577199935913,-0.07,-0.39,0.03
17.882314205169678,-0.08,-0.4,0.03
17.89229106903076,-0.07,-0.36,0.02
17.902541160583496,-0.05,-0.34,0.02
17.912062168121338,-0.02,-0.35,0.02
17.921916961669922,0.0,-0.35,0.02
17.93207597732544,0.03,-0.38,0.02
17.944572925567627,0.04,-0.41,0.01
17.952229022979736,0.03,-0.42,-0.0
17.970938205718994,0.02,-0.43,-0.01
17.973544120788574,0.0,-0.42,-0.01
17.98224925994873,-0.01,-0.39,-0.0
17.9918851852417,-0.01,-0.33,0.01
18.001979112625122,-0.0,-0.28,0.03
18.011816024780273,0.02,-0.22,0.03
18.02209210395813,0.03,-0.17,0.02
18.032031059265137,0.05,-0.15,0.0
18.04159712791443,0.05,-0.15,-0.0
18.055926084518433,0.04,-0.16,0.0
18.063066005706787,0.03,-0.17,0.03
18.081720113754272,-0.03,-0.15,0.07
18.08314609527588,-0.03,-0.15,0.07
18.091426134109497,-0.15,0.01,0.06
18.10201597213745,-0.27,0.09,0.07
18.11189317703247,-0.29,0.08,0.08
18.12152409553528,-0.23,0.01,0.05
18.13151216506958,-0.12,-0.08,0.02
18.141701221466064,0.0,-0.18,0.01
18.151813983917236,0.09,-0.29,0.01
18.17015314102173,0.15,-0.38,0.01
18.173202991485596,0.2,-0.46,-0.0
18.18167805671692,0.25,-0.52,-0.05
18.191601037979126,0.26,-0.54,-0.12
18.201167106628418,0.24,-0.57,-0.18
18.21159315109253,0.21,-0.61,-0.2
18.221277236938477,0.15,-0.64,-0.19
18.23119807243347,0.09,-0.64,-0.17
18.24112105369568,0.02,-0.59,-0.15
18.254225254058838,-0.04,-0.53,-0.11
18.261336088180542,-0.08,-0.45,-0.08
18.271048069000244,-0.11,-0.34,-0.04
18.282347202301025,-0.11,-0.24,-0.01
18.293076992034912,-0.09,-0.18,0.0
18.303694248199463,-0.05,-0.12,0.02
18.31278896331787,-0.0,-0.09,0.02
18.323084115982056,0.05,-0.05,0.02
18.33259606361389,0.08,-0.01,0.02
18.341607093811035,0.1,0.03,0.01
18.356139183044434,0.1,0.05,0.0
18.36092710494995,0.09,0.02,-0.0
18.371379137039185,0.07,-0.04,0.01
18.382509231567383,0.04,-0.13,0.01
18.39125919342041,-0.0,-0.27,0.01
18.403117179870605,-0.05,-0.42,0.01
18.41274404525757,-0.1,-0.57,0.01
18.423182010650635,-0.15,-0.73,0.02
18.432560920715332,-0.18,-0.88,0.04
18.442490100860596,-0.2,-1.01,0.06
18.455770015716553,-0.21,-1.11,0.09
18.46041703224182,-0.2,-1.17,0.13
18.470763206481934,-0.19,-1.16,0.17
18.482645988464355,-0.16,-1.13,0.2
18.490402221679688,-0.12,-1.1,0.23
18.5035719871521,-0.08,-1.09,0.24
18.510765075683594,-0.04,-1.11,0.23
18.520421028137207,0.01,-1.16,0.22
18.533752918243408,0.04,-1.21,0.19
18.541728973388672,0.06,-1.24,0.14
18.55202293395996,0.06,-1.22,0.09
18.560317993164062,0.05,-1.16,0.03
18.5727481842041,0.01,-1.07,-0.03
18.58222198486328,-0.05,-0.97,-0.1
18.590639114379883,-0.1,-0.87,-0.14
18.602525234222412,-0.14,-0.78,-0.15
18.612298011779785,-0.16,-0.68,-0.13
18.620840072631836,-0.15,-0.55,-0.11
18.63062810897827,-0.11,-0.4,-0.06
18.64235210418701,-0.03,-0.25,-0.02
18.65252923965454,0.05,-0.14,0.02
18.662275075912476,0.13,-0.09,0.04
18.670037031173706,0.18,-0.08,0.06
18.681194067001343,0.21,-0.09,0.07
18.6907639503479,0.21,-0.1,0.06
18.701982021331787,0.19,-0.05,0.02
18.71173906326294,0.17,0.07,-0.04
18.721477031707764,0.14,0.27,-0.1
18.732908248901367,0.09,0.52,-0.16
18.740249156951904,0.03,0.81,-0.22
18.751924991607666,-0.06,1.19,-0.3
18.75990390777588,-0.17,1.62,-0.41
18.770215034484863,-0.31,2.06,-0.53
18.782328128814697,-0.45,2.44,-0.65
18.78970718383789,-0.61,2.73,-0.76
18.802349090576172,-0.78,2.91,-0.86
18.811772108078003,-0.92,3.04,-0.92
18.82146906852722,-1.06,3.14,-0.98
18.830963134765625,-1.19,3.14,-1.04
18.84180498123169,-1.3,3.06,-1.09
18.854548931121826,-1.38,2.96,-1.12
18.86037302017212,-1.41,2.78,-1.12
18.869407176971436,-1.41,2.49,-1.14
18.882102966308594,-1.36,1.96,-1.1
18.890343189239502,-1.3,1.24,-1.03
18.901446104049683,-1.17,0.36,-0.86
18.911009073257446,-0.96,-0.52,-0.61
18.919304132461548,-0.68,-1.32,-0.29
18.932126998901367,-0.34,-1.98,0.12
18.94135808944702,0.01,-2.41,0.58
18.951473236083984,0.33,-2.56,1.05
18.95916509628296,0.57,-2.48,1.46
18.971288204193115,0.72,-2.33,1.73
18.979042053222656,0.8,-2.25,1.84
18.991482257843018,0.7,-2.44,1.72
19.001707077026367,0.25,-3.02,1.44
19.011812210083008,-0.12,-3.07,1.27
19.02164125442505,-0.29,-2.75,1.0
19.030648231506348,-0.29,-2.31,0.71
19.041056156158447,-0.22,-1.95,0.41
19.053683042526245,-0.26,-1.79,0.08
19.05900001525879,-0.48,-1.76,-0.2
19.070678234100342,-0.79,-1.74,-0.38
19.079875946044922,-1.07,-1.68,-0.38
19.089842081069946,-1.14,-1.56,-0.28
19.100816249847412,-1.0,-1.47,-0.25
19.108757972717285,-0.74,-1.42,-0.35
19.12131690979004,-0.48,-1.37,-0.45
19.129285097122192,-0.23,-1.35,-0.52
19.141098022460938,0.02,-1.32,-0.53
19.15107297897339,0.24,-1.3,-0.46
19.159528255462646,0.42,-1.18,-0.35
19.16935706138611,0.56,-0.89,-0.29
19.18070912361145,0.61,-0.62,-0.24
19.190959930419922,0.53,-0.48,-0.15
19.199371099472046,0.29,-0.52,-0.01
19.210658073425293,-0.02,-0.57,0.12
19.219027042388916,-0.26,-0.51,0.23
19.23085308074951,-0.37,-0.43,0.34
19.240911960601807,-0.39,-0.47,0.46
19.250445127487183,-0.37,-0.6,0.53
19.258827209472656,-0.34,-0.66,0.55
19.270684242248535,0.02,-0.21,0.51
19.278717041015625,0.11,-0.32,0.36
19.290719032287598,0.12,-0.39,0.17
19.298394203186035,0.09,-0.48,0.03
19.310737133026123,0.01,-0.58,-0.05
19.320158004760742,-0.08,-0.61,-0.09
19.328776121139526,-0.14,-0.57,-0.09
19.341224193572998,-0.16,-0.42,-0.05
19.34841823577881,-0.07,-0.23,-0.01
19.357917070388794,0.02,-0.14,0.04
19.36871910095215,0.11,-0.15,0.09
19.380316257476807,0.16,-0.2,0.1
19.390505075454712,0.19,-0.28,0.09
